<keymap version="1" name="pycharm_keymap_owllife_style" parent="Eclipse">
  <action id="ActivateTerminalToolWindow">
    <keyboard-shortcut first-keystroke="alt f12" />
    <keyboard-shortcut first-keystroke="f12" />
  </action>
  <action id="CloseActiveTab" />
  <action id="CloseContent">
    <keyboard-shortcut first-keystroke="ctrl f4" />
    <keyboard-shortcut first-keystroke="ctrl w" />
  </action>
  <action id="CollapseSelection" />
  <action id="EditSource">
    <keyboard-shortcut first-keystroke="shift ctrl e" />
  </action>
  <action id="EditorChooseLookupItemDot" />
  <action id="GotoNextError">
    <keyboard-shortcut first-keystroke="ctrl period" />
  </action>
  <action id="GotoPreviousError">
    <keyboard-shortcut first-keystroke="shift f1" />
    <keyboard-shortcut first-keystroke="ctrl comma" />
  </action>
  <action id="Vcs.EditSource">
    <keyboard-shortcut first-keystroke="shift ctrl e" />
  </action>
  <action id="XDebugger.JumpToSource">
    <keyboard-shortcut first-keystroke="shift ctrl e" />
  </action>
</keymap>