<keymap version="1" name="pycharm_keymap_owllife_style" parent="Eclipse">
  <action id="ActivateTerminalToolWindow">
    <keyboard-shortcut first-keystroke="alt f12" />
    <keyboard-shortcut first-keystroke="f12" />
  </action>
  <action id="CloseActiveTab" />
  <action id="CloseContent">
    <keyboard-shortcut first-keystroke="ctrl f4" />
    <keyboard-shortcut first-keystroke="ctrl w" />
  </action>
  <action id="CollapseSelection" />
  <action id="DuplicatesForm.SendToLeft" />
  <action id="DuplicatesForm.SendToRight" />
  <action id="EditSource" />
  <action id="EditorChooseLookupItemDot" />
  <action id="FileChooser.GotoHome" />
  <action id="FileChooser.GotoProject" />
  <action id="FindInPath">
    <keyboard-shortcut first-keystroke="ctrl h" />
    <keyboard-shortcut first-keystroke="shift ctrl e" />
  </action>
  <action id="GotoBookmark1" />
  <action id="GotoBookmark2" />
  <action id="GotoNextError">
    <keyboard-shortcut first-keystroke="ctrl period" />
  </action>
  <action id="GotoPreviousError">
    <keyboard-shortcut first-keystroke="shift f1" />
    <keyboard-shortcut first-keystroke="ctrl comma" />
  </action>
  <action id="NextDiff">
    <keyboard-shortcut first-keystroke="ctrl f7" />
    <keyboard-shortcut first-keystroke="ctrl 2" />
  </action>
  <action id="PreviousDiff">
    <keyboard-shortcut first-keystroke="shift f7" />
    <keyboard-shortcut first-keystroke="ctrl 1" />
  </action>
  <action id="RecentLocations" />
  <action id="Vcs.EditSource" />
  <action id="XDebugger.JumpToSource" />
</keymap>