<keymap version="1" name="owllife" parent="Eclipse">
  <action id="CollapseSelection" />
  <action id="EditSource">
    <keyboard-shortcut first-keystroke="f12" />
  </action>
  <action id="EditorChooseLookupItemDot" />
  <action id="FindInPath">
    <keyboard-shortcut first-keystroke="ctrl h" />
    <keyboard-shortcut first-keystroke="shift ctrl e" />
  </action>
  <action id="GotoNextError">
    <keyboard-shortcut first-keystroke="ctrl period" />
  </action>
  <action id="GotoPreviousError">
    <keyboard-shortcut first-keystroke="shift f1" />
    <keyboard-shortcut first-keystroke="ctrl comma" />
  </action>
  <action id="OpenModuleSettings">
    <keyboard-shortcut first-keystroke="f12" />
  </action>
  <action id="RecentLocations" />
  <action id="Vcs.EditSource">
    <keyboard-shortcut first-keystroke="f12" />
  </action>
  <action id="XDebugger.JumpToSource">
    <keyboard-shortcut first-keystroke="f12" />
  </action>
</keymap>